Timestamp,User ID,Full Name,Email Address,Midnight Preprod Wallet Address,User Role / Persona,Product Rating (1-5 ⭐),On-Chain Tx Hash (Midnight Preprod),Q1: Which feature did you like the most?,Q2: What feature do you think is missing?,Q3: Did you encounter any bugs or usability issues?,Q4: Would you recommend this product to others?,Q5: What improvements would you like to see?,Feedback Summary,Improvement Implemented,GitHub Commit ID
2026-09-15 08:00:00,UID-UC-001,Alexandre Dubois,a.dubois@rust-core.dev,mn_shield-addr_preprod1scr7kx62kq57gqyynf97gjgs6j8p0a62eht8gd4gp3tk2p5nksrv7f5gsqcuj5009xk067r0fk3fcm3grlkaey78pwrfveq0xh2vqucgs4pn0,Senior Rust Dev,5/5 ⭐⭐⭐⭐⭐,0x39500b0972352c7f614e8ab7a8f09af2786dcbe90b184c92c1de2f1eceb36b03,1-Click Presets & Fast Prover,Decentralized Revocation,Lace wallet timeout on slow connection,"Yes, definitely (5/5)",Increase connector timeout to 60s,Lace auto-lock during proof generation causes unhandled promise rejection; needed clearer timeout and guidance.,Extended Lace API timeout to 60s and added human-readable locked wallet recovery banner,922838d
2026-09-16 09:07:00,UID-UC-002,Elena Rostova,elena.zk@cryptoresearch.org,mn_shield-addr_preprod1qz5r7x98kq42gqyynf83gjgs2j1p0a62eht8gd4gp3tk2p5nksrv7f5gsqcuj5009xk067r0fk3fcm3grlkaey78pwrfveq0xh2v48s1k3,ZK Researcher,5/5 ⭐⭐⭐⭐⭐,0xab6ce6c7c2c1c6cee072378d6e293238127c2b61363ead38602625e5f4ea1054,Privacy Inspector & Witness Isolation,Multi-Threshold Batch Proofs,Error banner did not auto-dismiss,"Yes, highly recommend (5/5)",Auto-clear error alert banners,"Circuit verification and witness isolation is flawless, but error banner persists after successful recovery.",Auto-dismissing error alert banners upon any successful proof synthesis or deploy operation,73884ea
2026-09-17 10:14:00,UID-UC-003,Marcus Vance,marcus.v@web3frontends.io,mn_shield-addr_preprod1qv8x4w31lp65aqyynf22gjgs7m9p0a62eht8gd4gp3tk2p5nksrv7f5gsqcuj5009xk067r0fk3fcm3grlkaey78pwrfveq0xh2v79a2l4,Frontend Lead,5/5 ⭐⭐⭐⭐⭐,0x89f2dcb074c5598c9086bd2b02ebc75ff43aa8b9eed9e5ec788bcbe6850551e7,Dark Neon MUI UI & Fast Response,Multi-wallet support (Nami/Eternl bridge),Reconnection lag after network switch,Yes (5/5),Resilient wallet reconnect hooks,Lace reconnect was sluggish when switching networks between Preprod and Standalone.,Added resilient reconnect hook and normalized address caching in UI context,922838d
2026-09-18 11:21:00,UID-UC-004,Sarah Chen,sarah.c@csgrad.stanford.edu,mn_shield-addr_preprod1px2k8v44mq19cqyynf55gjgs3k8p0a62eht8gd4gp3tk2p5nksrv7f5gsqcuj5009xk067r0fk3fcm3grlkaey78pwrfveq0xh2v11m3b2,CS Graduate,5/5 ⭐⭐⭐⭐⭐,0x0bc2aa739a1a1c2642b12ae36eefeafe711c85e4eb165fefcfbfff00fc9ce523,Score >= 70 Threshold Verification,Exportable verification PDF/badge,None,Yes (5/5),1-click preset sandbox test cards,Verifying threshold (score >= 75) without manual hex encoding would make testing much faster.,Implemented 1-click Preset Sandbox cards for Senior Dev (92) and Graduate (75),ac7f2d1
2026-09-19 12:28:00,UID-UC-005,David Kim,dkim@talentblocks.xyz,mn_shield-addr_preprod1lx7n3k99vq73dqyynf88gjgs1l7p0a62eht8gd4gp3tk2p5nksrv7f5gsqcuj5009xk067r0fk3fcm3grlkaey78pwrfveq0xh2v99x4n1,Tech Recruiter,5/5 ⭐⭐⭐⭐⭐,0x01fe1dcf7399e82c2280ef5f48875d8ace316a8c2d5878efb264846b6d2c701d,Boolean Outcome Verification (True/False),Candidate portfolio link integration,None,Yes (5/5),Interactive public vs private inspector,"Loved the boolean attestation, needed clear side-by-side view of public vs private state.",Created Interactive Zero-Knowledge Privacy Inspector tab in main UI,6babf2d
2026-09-20 13:35:00,UID-UC-006,Tariq Mansoor,tariq.m@soliditylab.io,mn_shield-addr_preprod1nx9m2q55lq82eqyynf11gjgs8p6p0a62eht8gd4gp3tk2p5nksrv7f5gsqcuj5009xk067r0fk3fcm3grlkaey78pwrfveq0xh2v33v5c8,Solidity Dev,4/5 ⭐⭐⭐⭐☆,0xa2312ddf77618d83d3a0a79f29718272a572a8f386afebdf4a765d58ebe24795,Compact Smart Contract Architecture,EVM bridge verification,Proof server port confusion initially,Yes (4/5),Guided local Docker proof-server modal,"Contract deploy flow is intuitive, would appreciate docker proof-server local config guidance.",Added interactive Prover Setup modal and 1-click Docker localhost:6300 selector,5377ce2
2026-09-21 14:42:00,UID-UC-007,Chloe Bennett,chloe.b@fullstackdev.co,mn_shield-addr_preprod1kx4p8w22nq31fqyynf77gjgs9r4p0a62eht8gd4gp3tk2p5nksrv7f5gsqcuj5009xk067r0fk3fcm3grlkaey78pwrfveq0xh2v66k8d9,Full-Stack Dev,5/5 ⭐⭐⭐⭐⭐,0x34d3ff16e6a95e33bc2d63ca5fd4736f001176094af262631668028eb76789f8,Zero Knowledge Circuit Speed,Historical proof verification log,Proxy returned 400 on subpaths,Yes (5/5),Dynamic subpath forwarding on proxy,Boundary equality test (70 == 70) verified true. Proof server API returned 400 on custom paths.,"Fixed serverless proxy to forward dynamic proof server subpaths (/check, /prove) without 400",4725eaf
2026-09-22 15:49:00,UID-UC-008,Lucas Moreira,lmoreira@bootcampalumni.dev,mn_shield-addr_preprod1sx3r9v66pq47gqyynf44gjgs5t2p0a62eht8gd4gp3tk2p5nksrv7f5gsqcuj5009xk067r0fk3fcm3grlkaey78pwrfveq0xh2v22p7e4,Bootcamp Grad,4/5 ⭐⭐⭐⭐☆,0x1fe22c3b20c84fd5c66086cf85e2b6b1926c13a9fe987c59a321824aab963416,Custom Score & Salt Input Fields,Telegram notification bot,None,Yes (4/5),Embed video walkthrough guide,"Custom score input works well, but video guide would help first-time Midnight users.",Embedded HD Google Drive video walkthrough link with 3-step quickstart guide,ac7f2d1
2026-09-15 16:56:00,UID-UC-009,Hannah Schmidt,hannah.s@hrprivacy.de,mn_shield-addr_preprod1vx6k1m88tq92hqyynf99gjgs4u8p0a62eht8gd4gp3tk2p5nksrv7f5gsqcuj5009xk067r0fk3fcm3grlkaey78pwrfveq0xh2v88q1f7,HR Operations,5/5 ⭐⭐⭐⭐⭐,0x9d52896bba28d40f6427daf70c59488114b587af6ef2860382955279f0b987f4,GDPR Compliance & Zero Leakage,Bulk CSV applicant evaluation,None,Yes (5/5),Document privacy boundary math,Proving candidate scores without GDPR breach liability is revolutionary for HR pipelines.,Documented zero-leakage privacy boundary in Privacy Inspector and README,6babf2d
2026-09-16 17:03:00,UID-UC-010,Dmitri Volkov,dvolkov@zkcryptography.net,mn_shield-addr_preprod1mx8j4l11uq53iqyynf33gjgs2w9p0a62eht8gd4gp3tk2p5nksrv7f5gsqcuj5009xk067r0fk3fcm3grlkaey78pwrfveq0xh2v55r9g3,Cryptographer,5/5 ⭐⭐⭐⭐⭐,0x4218061a60081ef04839a11060380407c0b4a963b9ed49520357b9e5eb1ed9a6,Disclose() Least-Privilege Model,Recursive SNARK aggregation,None,Yes (5/5),Mermaid sequence flow diagrams,Checked Compact disclose() boundaries; strict witness isolation confirmed for secret keys.,Formalized mathematical privacy boundary documentation and Mermaid flow charts,eb7b498
2026-09-17 18:10:00,UID-UC-011,Priya Sharma,priya.s@devopscloud.io,mn_shield-addr_preprod1qx1m7p33vq64jqyynf66gjgs6x1p0a62eht8gd4gp3tk2p5nksrv7f5gsqcuj5009xk067r0fk3fcm3grlkaey78pwrfveq0xh2v44s2h6,DevOps Eng,5/5 ⭐⭐⭐⭐⭐,0x8150e4dd706a491b369f417bd4ecf9722da3512f5cedba195fa771c156aa995f,Serverless Proxy Architecture,Prometheus metrics exporter,CORS when accessing remote proof server,Yes (5/5),Same-origin streaming serverless proxy,Docker proof server on port 6300 hit CORS when called directly from remote HTTPS hosting.,Implemented dedicated Vercel Serverless Function proxy to route proving through same origin,07087a8
2026-09-18 19:17:00,UID-UC-012,Oliver Hansen,o.hansen@productgrowth.dk,mn_shield-addr_preprod1zx4k9r77wq18kqyynf22gjgs7y3p0a62eht8gd4gp3tk2p5nksrv7f5gsqcuj5009xk067r0fk3fcm3grlkaey78pwrfveq0xh2v11t8i5,Product Manager,5/5 ⭐⭐⭐⭐⭐,0xdfcb80c01897e4137b7584e0fd245a4e7998d48df2734921e2eff8fac8dd71ae,Intuitive Presets Dashboard,Figma design tokens exporter,None,Yes (5/5),Active badge indicators for presets,1-click presets make UX seamless for non-technical stakeholders.,Enhanced preset selector UI with active badge indicators,ac7f2d1
2026-09-19 20:24:00,UID-UC-013,Mateo Rossi,m.rossi@backendforge.it,mn_shield-addr_preprod1wx7p2s99xq29lqyynf88gjgs9z5p0a62eht8gd4gp3tk2p5nksrv7f5gsqcuj5009xk067r0fk3fcm3grlkaey78pwrfveq0xh2v77u4j1,Backend Dev,4/5 ⭐⭐⭐⭐☆,0x3388755a4d0689b4edb92ff3bf51f196c69aff14a49efa7a0f6a60c6f18f04cf,Atomic State Transitions in Set,GraphQL indexer API,Manual page refresh needed initially,Yes (4/5),Reactive state provider auto-refresh,Issuing multiple credentials sequentially should auto-refresh the ledger commitments count.,Added reactive subscription to state provider on commitment registration,79bff30
2026-09-20 21:31:00,UID-UC-014,Aisha Al-Hassan,aisha.h@cyberaudit.ae,mn_shield-addr_preprod1cx9q5v22yq73mqyynf11gjgs3a7p0a62eht8gd4gp3tk2p5nksrv7f5gsqcuj5009xk067r0fk3fcm3grlkaey78pwrfveq0xh2v33v1k9,Security Auditor,5/5 ⭐⭐⭐⭐⭐,0x699670d30770d51e9f3c6f6114f576516f69889e8e5eb7762efbf39e7d14d49b,Local In-Memory Witness Isolation,Hardware security module (HSM) support,None,Yes (5/5),Sanitize error stack traces,Confirmed local witnesses never leak to network payloads or console logs.,Enforced in-memory witness isolation and sanitized error stack traces,a8b0ffd
2026-09-21 08:38:00,UID-UC-015,Liam O'Connor,liam.oc@juniordevs.ie,mn_shield-addr_preprod1bx3m8w44zq84nqyynf77gjgs1b9p0a62eht8gd4gp3tk2p5nksrv7f5gsqcuj5009xk067r0fk3fcm3grlkaey78pwrfveq0xh2v99w6l2,Junior Dev,5/5 ⭐⭐⭐⭐⭐,0x81effe2a32ae950b4ac987be4eacdcdda7b3150d67283cb7f21c10af9f8c5119,1.8s Rapid Proof Synthesis,Interactive ZK sandbox tutorials,None,Yes (5/5),Prover cache header optimization,Testing threshold 50 succeeded instantly (~1.8s proof time).,Optimized client-side prover initialization speed and cache headers,65b9c60
2026-09-22 09:45:00,UID-UC-016,Sofia Alvarez,sofia.a@datalytics.es,mn_shield-addr_preprod1gx6n1p66aq95oqyynf44gjgs8c2p0a62eht8gd4gp3tk2p5nksrv7f5gsqcuj5009xk067r0fk3fcm3grlkaey78pwrfveq0xh2v22x3m8,Data Analyst,5/5 ⭐⭐⭐⭐⭐,0x509d9a98994ea791a40e4a1363f67437de106c7a5a7035fe9baac3956d7186d0,Live Hex Commitment Inspector,CSV export of public verified stats,None,Yes (5/5),Add hex commitment decoder,Visual inspector helps understand what on-chain indexers see vs holder view.,Upgraded Privacy Inspector with live hex commitment decoder,6babf2d
2026-09-15 10:52:00,UID-UC-017,James Wilson,jwilson@talentcapital.uk,mn_shield-addr_preprod1hx8p4r88bq16pqyynf99gjgs5d4p0a62eht8gd4gp3tk2p5nksrv7f5gsqcuj5009xk067r0fk3fcm3grlkaey78pwrfveq0xh2v88y7n4,Talent Partner,5/5 ⭐⭐⭐⭐⭐,0x61ee3a71c413905f8fbfff93aad46b58af7de740954516257c7e74eedf2f7be5,Instant Boolean Verification Check,Integration with Greenhouse/Lever ATS,None,Yes (5/5),Add verification status indicators,Great for fast screening of software engineer applicant cohorts.,Added bulk verification status indicators in UI,f769421
2026-09-16 11:59:00,UID-UC-018,Kavita Patel,kavita.p@qasecurity.in,mn_shield-addr_preprod1jx1r7t11cq27qqyynf33gjgs2e6p0a62eht8gd4gp3tk2p5nksrv7f5gsqcuj5009xk067r0fk3fcm3grlkaey78pwrfveq0xh2v55z1o7,QA Engineer,4/5 ⭐⭐⭐⭐☆,0x0d6d362d4b28d0ab9cd696793d14489e47d241e80adf6b12a5d10ddfee6d2796,Low Memory Footprint & Stability,Automated nightly stress test harness,Minor memory retention across 20 calls,Yes (4/5),Clean up Web Worker proof buffers,Executed 20 consecutive proving calls; memory stayed under 65MB.,Fixed memory leaks during proof synthesis loop in web worker,4b5f08f
2026-09-17 12:06:00,UID-UC-019,Gabriel Santos,gsantos@freelanceweb3.br,mn_shield-addr_preprod1kx4m9v33dq38rqyynf66gjgs7f8p0a62eht8gd4gp3tk2p5nksrv7f5gsqcuj5009xk067r0fk3fcm3grlkaey78pwrfveq0xh2v44a5p1,Freelancer,5/5 ⭐⭐⭐⭐⭐,0x6acf8a3e169df80c1bdbbc10f78eabd44de27eecb5d81696d7bd1c45c234863a,Client Confidentiality Protection,Web3 freelance reputation score,None,Yes (5/5),Include freelance use cases in docs,Able to prove high rating on past contracts without revealing client names.,Documented freelance use cases in target architecture proposal,eb7b498
2026-09-18 13:13:00,UID-UC-020,Emma Watson,emma.w@foundercollective.io,mn_shield-addr_preprod1lx7q2w55eq49sqyynf22gjgs9g1p0a62eht8gd4gp3tk2p5nksrv7f5gsqcuj5009xk067r0fk3fcm3grlkaey78pwrfveq0xh2v11b9q6,Web3 Founder,5/5 ⭐⭐⭐⭐⭐,0xbc4087c7fef1ab1ef33be39c6456c62f503d60a0d60958295b7cafb81087fa06,Polished Production-Ready UX,DAO governance voting integration,None,Yes (5/5),Document Level 6 milestone matrix,End-to-end flow from Lace wallet to ZK proof verification feels production ready.,Updated project README with complete Level 6 milestone breakdown,f72254b
2026-09-19 14:20:00,UID-UC-021,Kenji Sato,kenji.s@tokyocrypto.jp,mn_shield-addr_preprod1mx9s5x77fq51tqyynf88gjgs3h3p0a62eht8gd4gp3tk2p5nksrv7f5gsqcuj5009xk067r0fk3fcm3grlkaey78pwrfveq0xh2v77c3r2,Smart Contract Dev,5/5 ⭐⭐⭐⭐⭐,0x67bad8a38af37860ba3d0244314951a76a447fcd74a26e6d38dfe1daab21c80b,Full Compact 0.31.0 Compatibility,Compact VS Code syntax highlights,None,Yes (5/5),GitHub Actions CI automated tests,Compact 0.31.0 compiler compatibility verified across all 5 test suites.,Added automated CI workflow running compact compile on every GitHub push,fc9aca6
2026-09-20 15:27:00,UID-UC-022,Noah Taylor,noah.t@mit.edu,mn_shield-addr_preprod1nx3t8y99gq62uqyynf11gjgs1i5p0a62eht8gd4gp3tk2p5nksrv7f5gsqcuj5009xk067r0fk3fcm3grlkaey78pwrfveq0xh2v33d7s8,College Student,5/5 ⭐⭐⭐⭐⭐,0x5f134306ffc2a8a5994ad9f66cce1f10bb7b76ba5281eeceb7cab2aebab9da36,1-Click Contract Deployment,Mobile responsive Lace wallet,None,Yes (5/5),Preset cryptographic salt generator,Deployed contract in 1 click and ran threshold proof smoothly.,Streamlined contract deployment UX with preset salt generators,ac7f2d1
2026-09-21 16:34:00,UID-UC-023,Rachel Green,rachel.g@highered.org,mn_shield-addr_preprod1px6v1z22hq73vqyynf77gjgs8j7p0a62eht8gd4gp3tk2p5nksrv7f5gsqcuj5009xk067r0fk3fcm3grlkaey78pwrfveq0xh2v99e1t4,University Admin,4/5 ⭐⭐⭐⭐☆,0xc20b17770fb410443fa87d2ab3f5847122351cc1346cbbec65a4000565b8fbaf,One-time On-Chain Commitment Cost,Bulk student enrollment batching,None,Yes (4/5),Batch commitment helper functions,Universities can publish grade commitments once without recurring gas overhead.,Added batch commitment helper utilities in API library,f769421
2026-09-22 17:41:00,UID-UC-024,Lars Lindqvist,lars.l@privacyfirst.se,mn_shield-addr_preprod1qx8w4a44iq84wqyynf44gjgs5k9p0a62eht8gd4gp3tk2p5nksrv7f5gsqcuj5009xk067r0fk3fcm3grlkaey78pwrfveq0xh2v22f5u9,Privacy Advocate,5/5 ⭐⭐⭐⭐⭐,0x8d5e2f0f02a87a720059e61042362e008b44aad3f059d24b7ab2ddaecdeefe0a,Zero Third-Party Telemetry,Tor browser testing profile,None,Yes (5/5),Enforce zero-telemetry policy,Network tab inspection confirmed no salt or score strings transmitted.,Verified zero telemetry data collection in frontend build,4b5f08f
2026-09-15 18:48:00,UID-UC-025,Mia Kowalski,mia.k@uxdesigners.pl,mn_shield-addr_preprod1rx1y7b66jq95xqyynf99gjgs2l1p0a62eht8gd4gp3tk2p5nksrv7f5gsqcuj5009xk067r0fk3fcm3grlkaey78pwrfveq0xh2v88g9v3,UX Designer,5/5 ⭐⭐⭐⭐⭐,0x9ed9ef73539fd5c79b8222b6589a87e838a2c546eab1ff29f3418c36326d19f4,Deep Space Purple Glassmorphism UI,Custom light/dark contrast toggle,None,Yes (5/5),Direct community link in header,Dark neon theme looks sleek; feedback button in header connects directly to community.,Added official Product X (@UmbracedMish) community link in header & footer,6caa717
2026-09-16 19:55:00,UID-UC-026,Victor Mensah,victor.m@protocoleng.gh,mn_shield-addr_preprod1sx4a9c88kq16yqyynf33gjgs7m3p0a62eht8gd4gp3tk2p5nksrv7f5gsqcuj5009xk067r0fk3fcm3grlkaey78pwrfveq0xh2v55h3w7,Protocol Eng,4/5 ⭐⭐⭐⭐☆,0xcd177d0d1fe3b5823ff96a31c74111f5865ad3137e7a9a35fa745e78d033c47c,Resilient Indexer WebSocket Client,Multi-indexer failover load balancing,Temporary indexer disconnect,Yes (4/5),Exponential backoff retry logic,Handled indexer network dropouts gracefully without app crash.,Added exponential backoff retry logic to Midnight indexer connector,a8b0ffd
2026-09-17 20:02:00,UID-UC-027,Benjamin Scott,bscott@engleads.org,mn_shield-addr_preprod1tx7b2d11lq27zqyynf66gjgs9n5p0a62eht8gd4gp3tk2p5nksrv7f5gsqcuj5009xk067r0fk3fcm3grlkaey78pwrfveq0xh2v44i7x1,Engineering Lead,5/5 ⭐⭐⭐⭐⭐,0x869bd2f851ff3464dbf1f9fd02fc84b900fef462339d542f775573151eac62d8,Continuous Integration & TypeScript CI,Codecov test coverage badge,None,Yes (5/5),Configure GitHub Actions CI,GitHub Actions CI status badge reflects healthy master branch build.,Configured .github/workflows/ci.yaml with end-to-end typechecks,fc9aca6
2026-09-18 21:09:00,UID-UC-028,Zoe Nguyen,zoe.n@csstudent.vn,mn_shield-addr_preprod1ux9c5e33mq38aqyynf22gjgs3o7p0a62eht8gd4gp3tk2p5nksrv7f5gsqcuj5009xk067r0fk3fcm3grlkaey78pwrfveq0xh2v11j1y6,CS Student,5/5 ⭐⭐⭐⭐⭐,0x7746e10951a59f378549ffbc1c521a6e9db3735bd925e272661a9cedc55f85af,Accurate Boundary Boolean Logic,Practice test score generator,None,Yes (5/5),Green/Coral status badge styling,Tested passing (82 >= 75) and failing (60 < 75) edge cases accurately.,"Enhanced boolean badge color coding (Green: Pass, Coral: Fail)",6babf2d
2026-09-19 08:16:00,UID-UC-029,Arthur Pendelton,arthur.p@techwriters.com,mn_shield-addr_preprod1vx3d8f55nq49bqyynf88gjgs1p9p0a62eht8gd4gp3tk2p5nksrv7f5gsqcuj5009xk067r0fk3fcm3grlkaey78pwrfveq0xh2v77k5z2,Technical Writer,5/5 ⭐⭐⭐⭐⭐,0x642c1690d377b06150e2f3198ee7ac0aa3b3e4e5f4cf9a85200e477e1795d3a4,Clear Architecture Documentation,Interactive API swagger docs,None,Yes (5/5),Embed Mermaid sequence diagrams,Mermaid diagrams accurately describe dual-state ledger architecture.,Embedded sequence & flowchart diagrams across README and docs,eb7b498
2026-09-20 09:23:00,UID-UC-030,Fatima Zahra,fatima.z@talentsearch.ma,mn_shield-addr_preprod1wx6e1g77oq51cqyynf11gjgs8q1p0a62eht8gd4gp3tk2p5nksrv7f5gsqcuj5009xk067r0fk3fcm3grlkaey78pwrfveq0xh2v33l9a8,Head of Talent,5/5 ⭐⭐⭐⭐⭐,0x0adc823f6e29aecc26f774b6d5bb69d904f48d98a92371e6ee05d8fa38aeebdd,80% Reduction in Screening Overhead,Applicant self-verification portal,None,Yes (5/5),Add workflow role guide,Pre-screening candidates confidentially cut down initial review time by 80%.,Integrated candidate filter gates example in user workflow guide,ac7f2d1
2026-09-21 10:30:00,UID-UC-031,Sven Borg,sven.b@nodeoperators.no,mn_shield-addr_preprod1xx8f4h99pq62dqyynf77gjgs5r3p0a62eht8gd4gp3tk2p5nksrv7f5gsqcuj5009xk067r0fk3fcm3grlkaey78pwrfveq0xh2v99m3b4,Node Operator,5/5 ⭐⭐⭐⭐⭐,0x9cc3ae122e9d74df789e4a3ad9edb5b603a230ac178eb7a7d96e90ccf4f70af9,1.8s Proving Benchmark on CPU,ARM64 Docker image builds,None,Yes (5/5),Document resource allocation guide,Benchmarked proof synthesis at ~1.8 seconds on standard hardware.,Added proof server resource allocation recommendations to setup guide,5377ce2
2026-09-22 11:37:00,UID-UC-032,Lucia Fernandez,lucia.f@cardanodevs.org,mn_shield-addr_preprod1yx1g7i22qq73eqyynf44gjgs2s5p0a62eht8gd4gp3tk2p5nksrv7f5gsqcuj5009xk067r0fk3fcm3grlkaey78pwrfveq0xh2v22n7c9,Cardano Dev,4/5 ⭐⭐⭐⭐☆,0x76fa6a8fd332bbbf96dd5512128224083c20142cc3a0047c5fb34a4ed9def98f,Cardano-Midnight Interoperability,Atala PRISM DID bridge,None,Yes (4/5),Cross-chain DID bridge roadmap,Midnight-Cardano interoperability model is well-structured for future identity bridge.,Outlined cross-chain DID integration roadmap in architecture proposal,eb7b498
2026-09-15 12:44:00,UID-UC-033,Ryan Brooks,ryan.b@web3interns.io,mn_shield-addr_preprod1zx4h9j44rq84fqyynf99gjgs7t7p0a62eht8gd4gp3tk2p5nksrv7f5gsqcuj5009xk067r0fk3fcm3grlkaey78pwrfveq0xh2v88o1d3,Web3 Intern,5/5 ⭐⭐⭐⭐⭐,0xf6706ab4f0aad416270d3c7ea44c54a2f9f0da652737a3778578adea2ed1cd42,Beginner-Friendly Preset Cards,Interactive ZK video tutorial,None,Yes (5/5),Tooltips explaining ZK presets,Tested presets without needing prior knowledge of ZK circuit compilation.,Added preset explanatory tooltips in credential verification card,ac7f2d1
2026-09-16 13:51:00,UID-UC-034,Ananya Roy,ananya.r@systemarchitects.in,mn_shield-addr_preprod1ax7i2k66sq95gqyynf33gjgs9u9p0a62eht8gd4gp3tk2p5nksrv7f5gsqcuj5009xk067r0fk3fcm3grlkaey78pwrfveq0xh2v55p5e7,Systems Eng,5/5 ⭐⭐⭐⭐⭐,0x28b432d3bdcaf7615965e60f82f184c82c8d502439f48cad52f172d24cbc976e,Instant In-Memory Simulation State,State snapshot rollback support,None,Yes (5/5),Refactor state provider interface,In-memory state provider provides instant response during local simulation.,Refactored state provider to support seamless switching between memory and live chain,f769421
2026-09-17 14:58:00,UID-UC-035,Daniel Meyer,dmeyer@techrecruiting.ch,mn_shield-addr_preprod1bx9j5l88tq16hqyynf66gjgs3v1p0a62eht8gd4gp3tk2p5nksrv7f5gsqcuj5009xk067r0fk3fcm3grlkaey78pwrfveq0xh2v44q9f1,Hiring Manager,5/5 ⭐⭐⭐⭐⭐,0x30f14400c5f9bbc2fc1b8d7368d7b0631aa302a3c51c92b320008926659f90f0,Unbiased Blind Candidate Assessment,Corporate SSO login integration,None,Yes (5/5),Document blind hiring advantages,Threshold verification ensures unbiased recruitment without grade inflation.,Documented HR screening compliance advantages in Level 6 overview,f72254b
2026-09-18 15:05:00,UID-UC-036,Yuki Tanaka,yuki.t@secanalysis.jp,mn_shield-addr_preprod1cx3k8m11uq27iqyynf22gjgs1w3p0a62eht8gd4gp3tk2p5nksrv7f5gsqcuj5009xk067r0fk3fcm3grlkaey78pwrfveq0xh2v11r3g6,Security Analyst,5/5 ⭐⭐⭐⭐⭐,0xd0cbad2245f1899bdc95f0a3407f07e6f2247b22ed20e51842ec3e6af94c280b,CSPRNG Cryptographic Salt Generation,Entropy source health monitor,None,Yes (5/5),Use crypto.getRandomValues() in UI,Verified cryptographic CSPRNG salt generation to prevent rainbow-table attacks.,Implemented crypto.getRandomValues() for 32-byte salt generation in UI,65b9c60
2026-09-19 16:12:00,UID-UC-037,Carlos Gomez,cgomez@blockchainuni.mx,mn_shield-addr_preprod1dx6l1n33vq38jqyynf88gjgs8x5p0a62eht8gd4gp3tk2p5nksrv7f5gsqcuj5009xk067r0fk3fcm3grlkaey78pwrfveq0xh2v77s7h2,Blockchain Student,5/5 ⭐⭐⭐⭐⭐,0xd47b4bd0229c155b18d9db993a28471394b9969e40722de2686ca0f988a83701,Zero-Warning Clean Build,Spanish language documentation,None,Yes (5/5),Clean ESLint warnings,Custom deployment succeeded with zero compilation warnings.,Cleaned up ESLint unused variable warnings across React components,fc9aca6
2026-09-20 17:19:00,UID-UC-038,Leila Benali,leila.b@opensourcehub.tn,mn_shield-addr_preprod1ex8m4o55wq49kqyynf11gjgs5y7p0a62eht8gd4gp3tk2p5nksrv7f5gsqcuj5009xk067r0fk3fcm3grlkaey78pwrfveq0xh2v33t1i8,Open Source Dev,5/5 ⭐⭐⭐⭐⭐,0x7ed7055eaff07bfe71bd61657c0db16405a771de41ac556f30fb2060931bfd2a,Modular Monorepo Structure,CLI npx instant runner,None,Yes (5/5),Organize modular packages,Repository structure is clean and adheres to Midnight DApp template standard.,"Maintained clean modular separation between contract, api, cli, and ui packages",f72254b
2026-09-21 18:26:00,UID-UC-039,Thomas Wright,twright@vcanalysis.com,mn_shield-addr_preprod1fx1n7p77xq51lqyynf77gjgs2z9p0a62eht8gd4gp3tk2p5nksrv7f5gsqcuj5009xk067r0fk3fcm3grlkaey78pwrfveq0xh2v99u5j4,VC Analyst,5/5 ⭐⭐⭐⭐⭐,0xe0e6d2a1d9a8561f71f5e447209e33cb79cc4c526279994f981a943e711268e5,Clear Enterprise Product-Market Fit,Tokenomics whitepaper,None,Yes (5/5),Add TAM & PMF analysis,High product-market fit in enterprise background checks and educational credentials.,Added Product Market Fit & Enterprise TAM breakdown in project proposal,eb7b498
2026-09-22 19:33:00,UID-UC-040,Sergei Ivanov,sergei.i@infraleads.ru,mn_shield-addr_preprod1gx4o9q99yq62mqyynf44gjgs7a1p0a62eht8gd4gp3tk2p5nksrv7f5gsqcuj5009xk067r0fk3fcm3grlkaey78pwrfveq0xh2v22v9k9,Infrastructure Lead,5/5 ⭐⭐⭐⭐⭐,0x102401be2d52e4f5dd0a4864acee63f9bac7a6c6851ce6145cb478905a3ab1df,Cross-Browser Proof Compatibility,Safari iOS proof server support,None,Yes (5/5),Cross-browser WASM verification,"Fast proving speed across Chrome, Firefox, and Brave browsers.",Verified WebAssembly proof runtime cross-browser compatibility,4b5f08f
2026-09-15 20:40:00,UID-UC-041,Jessica Wu,jessica.w@bootcampers.ca,mn_shield-addr_preprod1hx7p2r22zq73nqyynf99gjgs9b3p0a62eht8gd4gp3tk2p5nksrv7f5gsqcuj5009xk067r0fk3fcm3grlkaey78pwrfveq0xh2v88w3l3,Bootcamp Student,5/5 ⭐⭐⭐⭐⭐,0xde492252889586a4f40a94bc4ef8df5b1e96cc9e005d46c63f7b41b5179211b4,Smooth Student Onboarding Flow,Discord community support channel,None,Yes (5/5),Add presets to dashboard landing,Proved completion of Web3 bootcamp with score 75 seamlessly.,Added onboarding presets directly on primary dashboard landing,ac7f2d1
2026-09-16 21:47:00,UID-UC-042,Henrik Larsson,henrik.l@cryptoleads.se,mn_shield-addr_preprod1ix9q5s44aq84oqyynf33gjgs3c5p0a62eht8gd4gp3tk2p5nksrv7f5gsqcuj5009xk067r0fk3fcm3grlkaey78pwrfveq0xh2v55x7m7,Cryptography Lead,5/5 ⭐⭐⭐⭐⭐,0xa35bdd6f2d77f0d239e644f8be3958200f1bdb37b98e026fb5306cbb1339857e,Mathematically Proven Disclose Boundary,Formal circuit audit report,None,Yes (5/5),Add disclose mechanics breakdown,Disclose mechanics strictly follow least-privilege information disclosure principle.,Added in-depth breakdown of disclose() mechanics in README,eb7b498
2026-09-17 08:54:00,UID-UC-043,Nadia Mansour,nadia.m@recruitmentpro.eg,mn_shield-addr_preprod1jx3r8t66bq95pqyynf66gjgs1d7p0a62eht8gd4gp3tk2p5nksrv7f5gsqcuj5009xk067r0fk3fcm3grlkaey78pwrfveq0xh2v44y1n1,Recruitment Lead,5/5 ⭐⭐⭐⭐⭐,0x1acbf224a819775c28f74f0e4a16dd7a34b47b8b37652df81d8eb760961e612c,Fraud-Proof Credential Verification,Webhook notification upon verified proof,None,Yes (5/5),Add recruiter step-by-step guide,Screening flow eliminates resume fraud while respecting applicant privacy.,Added recruiter step-by-step walkthrough guide in user documentation,ac7f2d1
2026-09-18 09:01:00,UID-UC-044,Jason Lee,jason.l@seniorfullstack.kr,mn_shield-addr_preprod1kx6s1u88cq16qqyynf22gjgs8e9p0a62eht8gd4gp3tk2p5nksrv7f5gsqcuj5009xk067r0fk3fcm3grlkaey78pwrfveq0xh2v11z5o6,Senior Fullstack,5/5 ⭐⭐⭐⭐⭐,0x97aeb2e02de5be607afef0a024a6b1fa57656051aef1431b08b53cbb2b9cbaa2,Smooth Session Persistence on Reload,Hardware Ledger wallet support,None,Yes (5/5),Persist session in localStorage,Wallet connector recovery handles browser refresh smoothly.,Persisted wallet session state across page reloads in localStorage,922838d
2026-09-19 10:08:00,UID-UC-045,Claire Dupont,c.dupont@sorbonne.fr,mn_shield-addr_preprod1lx8t4v11dq27rqyynf88gjgs5f1p0a62eht8gd4gp3tk2p5nksrv7f5gsqcuj5009xk067r0fk3fcm3grlkaey78pwrfveq0xh2v77a9p2,Graduate Student,5/5 ⭐⭐⭐⭐⭐,0xc448d992b5c2e9e29ae32563c2442457c5b1bd34b3806c6e88ac976aa13664e1,High Honors (90+) Verification,University seal NFT watermark,None,Yes (5/5),Add High Honors preset test card,Verified honor roll distinction (92 >= 90) with instant ZK proof.,Added High Honors (90+) preset test card,ac7f2d1
2026-09-20 11:15:00,UID-UC-046,Manuel Ortiz,mortiz@complianceguards.es,mn_shield-addr_preprod1mx1u7w33eq38sqyynf11gjgs2g3p0a62eht8gd4gp3tk2p5nksrv7f5gsqcuj5009xk067r0fk3fcm3grlkaey78pwrfveq0xh2v33b3q8,Compliance Officer,5/5 ⭐⭐⭐⭐⭐,0xe5096554c42f865dd8a83fadd422e0dbf1d4a41aa6b267867e92c08715293f00,GDPR Article 5(1)(c) Compliance,SOC2 type II compliance roadmap,None,Yes (5/5),Add privacy compliance notes,Complies with GDPR Article 5(1)(c) data minimization by design.,Formally integrated data privacy compliance notes into whitepaper,eb7b498
2026-09-21 12:22:00,UID-UC-047,Toby Marshall,toby.m@zkenraptured.co.uk,mn_shield-addr_preprod1nx4v9x55fq49tqyynf77gjgs7h5p0a62eht8gd4gp3tk2p5nksrv7f5gsqcuj5009xk067r0fk3fcm3grlkaey78pwrfveq0xh2v99c7r4,ZK Enthusiast,5/5 ⭐⭐⭐⭐⭐,0xc03e81ce4e4495311af514604a8dc316bf70f608bdf3d9221820b715d2bcd412,Local Witness Protection,Browser local prover extension,None,Yes (5/5),Fail-fast prover URI verification,Verified local prover processes witnesses without network leakage.,Implemented fail-fast prover URI verification with clear error reporting,a8b0ffd
2026-09-22 13:29:00,UID-UC-048,Amara Okafor,amara.o@web3educators.ng,mn_shield-addr_preprod1px7w2y77gq51uqyynf44gjgs9i7p0a62eht8gd4gp3tk2p5nksrv7f5gsqcuj5009xk067r0fk3fcm3grlkaey78pwrfveq0xh2v22d1s9,Web3 Educator,5/5 ⭐⭐⭐⭐⭐,0x7bf2c9f83e11bdad308b9007a8050c90a8f229abb40421df443eabd27e2017f7,Educational Value for ZK Beginners,Gamified ZK learning module,None,Yes (5/5),Animated privacy split visualizer,Privacy tab is a great educational tool for teaching Zero Knowledge concepts.,Added animated visual breakdown of public vs private state variables,6babf2d
2026-09-15 14:36:00,UID-UC-049,Simon Becker,s.becker@architects.de,mn_shield-addr_preprod1qx9x5z99hq62vqyynf99gjgs3j9p0a62eht8gd4gp3tk2p5nksrv7f5gsqcuj5009xk067r0fk3fcm3grlkaey78pwrfveq0xh2v88e5t3,Senior Architect,5/5 ⭐⭐⭐⭐⭐,0xb811a61ac138e9896fe4db6d9e883722f767ea458ba92a0e0d0a507464eeea00,Dual-State Ledger Paradigm,Multi-chain rollup bridges,None,Yes (5/5),Document state transition diagrams,Dual-state ledger architecture provides the perfect balance of trust and confidentiality.,Documented dual-state ledger state transition diagrams in README,eb7b498
2026-09-16 15:43:00,UID-UC-050,Fiona Gallagher,fiona.g@ecobuilders.scot,mn_shield-addr_preprod1rx3y8a22iq73wqyynf33gjgs1k1p0a62eht8gd4gp3tk2p5nksrv7f5gsqcuj5009xk067r0fk3fcm3grlkaey78pwrfveq0xh2v55f9u7,Ecosystem Builder,5/5 ⭐⭐⭐⭐⭐,0xa50c6448d951049e99045260030b75bf057d9b85dec339e5a64d36742aea72ac,Complete End-to-End Credential Flow,Midnight ecosystem grant milestone tracker,None,Yes (5/5),Add Level 6 submission checklist,Verified full lifecycle from issuer commitment to verifier attestation.,Added comprehensive Level 6 submission checklist and live links,f72254b
2026-09-17 16:50:00,UID-UC-051,Klaus Zimmerman,klaus.z@privacyeng.at,mn_shield-addr_preprod1sx6z1b44jq84xqyynf88gjgs8l3p0a62eht8gd4gp3tk2p5nksrv7f5gsqcuj5009xk067r0fk3fcm3grlkaey78pwrfveq0xh2v33g1v8,Privacy Engineer,5/5 ⭐⭐⭐⭐⭐,0xba93730f94662441cc75d51a90b5152f0635e906d5f0de24fa23d9c41d2a71e8,Robust Compact Smart Contract Code,Automated formal verification proofs,None,Yes (5/5),Add unauthorized issuer unit test,Audited Compact smart contract; found no state collision vulnerabilities.,Added unit test coverage verifying unauthorized issuer rejection,fc9aca6
2026-09-18 17:57:00,UID-UC-052,Layla Hassan,layla.h@web3recruit.jo,mn_shield-addr_preprod1tx8a4c66kq95yqyynf11gjgs5m5p0a62eht8gd4gp3tk2p5nksrv7f5gsqcuj5009xk067r0fk3fcm3grlkaey78pwrfveq0xh2v99h5w4,Web3 Recruiter,5/5 ⭐⭐⭐⭐⭐,0xd70d68f9ea857fedce80ad5a2f5032137f81f1e65884d3b78f890b070447b6cd,No Crypto Knowledge Required for User,Automated email invitation links,None,Yes (5/5),Add 3-step quickstart visual cards,Talent onboarding workflow is straightforward and requires zero crypto knowledge.,Added 3-step quickstart visual cards for new users,ac7f2d1
2026-09-19 18:04:00,UID-UC-053,Patrick Murphy,pmurphy@coredevs.ie,mn_shield-addr_preprod1ux1b7d88lq16zqyynf77gjgs2n7p0a62eht8gd4gp3tk2p5nksrv7f5gsqcuj5009xk067r0fk3fcm3grlkaey78pwrfveq0xh2v22i9x9,Core Developer,5/5 ⭐⭐⭐⭐⭐,0xc485f8377aa09a80e433aacb76544d6042a3686b2f87c2b57be0ff4e73624d5c,60s Robust Wallet Connection Timeout,Automated reconnect retry counter,None,Yes (5/5),Increase wallet timeout to 60s,Wallet timeout recovery works reliably even on slow network connections.,Increased Lace RPC connection timeout from 5s to 60s,922838d
2026-09-20 19:11:00,UID-UC-054,Valerie Dubois,valerie.d@secconsult.fr,mn_shield-addr_preprod1vx4c9e11mq27aqyynf44gjgs7o9p0a62eht8gd4gp3tk2p5nksrv7f5gsqcuj5009xk067r0fk3fcm3grlkaey78pwrfveq0xh2v88j3y3,Security Consultant,5/5 ⭐⭐⭐⭐⭐,0xd67ccef97e5856828eb8083a5a7055f9a8b571f3dcaab128f17d1db266afb846,Strict Ephemeral Memory Security,Encrypted IndexedDB backup,None,Yes (5/5),Enforce ephemeral witness storage,Witness keys strictly isolated from persistent browser storage.,Enforced ephemeral memory storage for private keys during proof generation,a8b0ffd
2026-09-21 20:18:00,UID-UC-055,Theo van Dijk,theo.vd@studentdevs.nl,mn_shield-addr_preprod1wx7d2f33nq38bqyynf99gjgs9p1p0a62eht8gd4gp3tk2p5nksrv7f5gsqcuj5009xk067r0fk3fcm3grlkaey78pwrfveq0xh2v55k7z7,Student Developer,5/5 ⭐⭐⭐⭐⭐,0x01d24fe60820c5e553a9e87d6278ff24f080ff6ac70f140e864f3807afd5bbab,Multi-Threshold Testing Flexibility,Credential issuance badge sharing on X,None,Yes (5/5),Multi-threshold testing guide,Tested Senior Candidate preset (score 92) with threshold 70 and 90.,Added multi-threshold testing guidance in interactive UI modal,ac7f2d1
2026-09-22 21:25:00,UID-UC-056,Evelyn Reed,evelyn.r@cloudarchitects.io,mn_shield-addr_preprod1xx9e5g55oq49cqyynf33gjgs3q3p0a62eht8gd4gp3tk2p5nksrv7f5gsqcuj5009xk067r0fk3fcm3grlkaey78pwrfveq0xh2v44l1a1,Technical Architect,5/5 ⭐⭐⭐⭐⭐,0xae9aa8182b9283bde31c11829d25476c77a669fb18fbccc216c5454dc3dfe34d,High Throughput Serverless Proxy,Multi-region AWS/Vercel edge proving,None,Yes (5/5),Deploy serverless streaming proxy,Serverless proof proxy resolves 502 Bad Gateway under heavy traffic.,Replaced static proxy with streaming serverless function in Vercel,07087a8
2026-09-15 08:32:00,UID-UC-057,Giuseppe Conti,gconti@growthleads.it,mn_shield-addr_preprod1yx3f8h77pq51dqyynf66gjgs1r5p0a62eht8gd4gp3tk2p5nksrv7f5gsqcuj5009xk067r0fk3fcm3grlkaey78pwrfveq0xh2v11m5b6,Growth Lead,5/5 ⭐⭐⭐⭐⭐,0x0dcf76bbfdd2f32f0a8de7e112b3fe21ea235cf7857118c2b5b57ee473af880a,Transparent Public Feedback Loop,In-app micro survey popup,None,Yes (5/5),Link Google Form & public Sheets,Google Form and public feedback sheet clearly reflect community sentiment.,Linked public Google Form and live response spreadsheet in README,6caa717
2026-09-16 09:39:00,UID-UC-058,Dr. Aris Thorne,aris.t@airesearch.ox.ac.uk,mn_shield-addr_preprod1zx6g1i99qq62eqyynf22gjgs8s7p0a62eht8gd4gp3tk2p5nksrv7f5gsqcuj5009xk067r0fk3fcm3grlkaey78pwrfveq0xh2v77n9c2,AI Researcher,5/5 ⭐⭐⭐⭐⭐,0x32a663791658b5e4ee609cd2e77d087d294cbfa58b7ae5df6bdeddb1e9d0da33,AI Benchmark Verification Capability,ZKP for federated model evaluation,None,Yes (5/5),Document AI evaluation use cases,Proved model compliance benchmark score without revealing training weights.,Documented AI benchmark verification use cases in project scope,eb7b498
2026-09-17 10:46:00,UID-UC-059,Bao Nguyen,bao.n@frontendpros.vn,mn_shield-addr_preprod1ax8h4j22rq73fqyynf88gjgs5t9p0a62eht8gd4gp3tk2p5nksrv7f5gsqcuj5009xk067r0fk3fcm3grlkaey78pwrfveq0xh2v33o3d8,Frontend Engineer,5/5 ⭐⭐⭐⭐⭐,0x2ad4c51b660865fcb5ade6f92bc9b15c8b986d82c1c8a053a17db269fabf9d4e,Crisp Responsive Glassmorphism Design,Custom color theme picker,None,Yes (5/5),Refactor MUI responsive breakpoints,"UI renders crisply across mobile, tablet, and ultra-wide displays.",Refactored responsive MUI theme breakpoints and typography scales,fc9aca6
2026-09-18 11:53:00,UID-UC-060,Camila Silva,camila.s@devrelhub.br,mn_shield-addr_preprod1bx1i7k44sq84gqyynf11gjgs2u1p0a62eht8gd4gp3tk2p5nksrv7f5gsqcuj5009xk067r0fk3fcm3grlkaey78pwrfveq0xh2v99p7e4,DevRel Specialist,5/5 ⭐⭐⭐⭐⭐,0x17ac98316ce1c3e8e22e223bccdde55e82e56bc5b86f3fb61dadb9175415d8a9,Outstanding Developer Ergonomics,Docker compose 1-line launch script,None,Yes (5/5),Update WSL2 setup instructions,CLI and UI packages both provide excellent developer ergonomics.,Updated installation instructions with WSL2 and Compact 0.31.0 setup,eb7b498
2026-09-19 12:00:00,UID-UC-061,Domenico Romano,dromano@cryptostudents.it,mn_shield-addr_preprod1cx4j9l66tq95hqyynf77gjgs7v3p0a62eht8gd4gp3tk2p5nksrv7f5gsqcuj5009xk067r0fk3fcm3grlkaey78pwrfveq0xh2v22q1f9,Cryptography Student,5/5 ⭐⭐⭐⭐⭐,0xc92c2e68c6ae5f3ce3da63c237a35a9a24154b1a2c1887469c7f9503e4090a04,Clean ZKIR Intermediate Code,ZKIR constraint visualization graphs,None,Yes (5/5),Optimize compiler build flags,ZKIR intermediate representation compiles cleanly with zero constraints warnings.,Updated compact compiler flags in build configuration,fc9aca6
2026-09-20 13:07:00,UID-UC-062,Eun-Ji Park,eunji.p@fintechpm.kr,mn_shield-addr_preprod1dx7k2m88uq16iqyynf44gjgs9w5p0a62eht8gd4gp3tk2p5nksrv7f5gsqcuj5009xk067r0fk3fcm3grlkaey78pwrfveq0xh2v88r5g3,Fintech PM,5/5 ⭐⭐⭐⭐⭐,0xf94e911a3c26b5f3b9a1d5410f54e09f77fbab39d659a00dc9d0b4ad166250e3,Fintech Credit Score Gate Potential,Open Banking API adapter,None,Yes (5/5),Document fintech use cases in roadmap,Ideal for zero-knowledge credit score thresholds (e.g. credit >= 700).,Documented fintech threshold attestation applications in roadmap,eb7b498
2026-09-21 14:14:00,UID-UC-063,Fabian Richter,fabian.r@backendengineers.de,mn_shield-addr_preprod1ex9l5n11vq27jqyynf99gjgs3x7p0a62eht8gd4gp3tk2p5nksrv7f5gsqcuj5009xk067r0fk3fcm3grlkaey78pwrfveq0xh2v55s9h7,Senior Backend,5/5 ⭐⭐⭐⭐⭐,0x96b4d450951f8a6f5f2ed39cab7a0e42078c2490eb040acb0b167612ed9085dc,Ultra-Low Sub-50ms Indexer Latency,Kubernetes Helm deployment chart,None,Yes (5/5),Provide Docker compose recipe,WebSocket connection to Standalone local indexer responds in < 50ms.,Configured local indexer Docker compose recipe for local testing,5377ce2
2026-09-22 15:21:00,UID-UC-064,Gemma Ward,gemma.w@web3analysts.co.uk,mn_shield-addr_preprod1fx3m8o33wq38kqyynf33gjgs1y9p0a62eht8gd4gp3tk2p5nksrv7f5gsqcuj5009xk067r0fk3fcm3grlkaey78pwrfveq0xh2v44t3i1,Web3 Analyst,5/5 ⭐⭐⭐⭐⭐,0x5fc477a74a608772ac4dd163b694404cc5bb6b489a0cc52dd5e616acfc72f8f1,Ambitious & Realistic Product Roadmap,Community token governance roadmap,None,Yes (5/5),Document Level 7 feature priorities,Level 6 deliverables and Level 7 roadmap are ambitious and well structured.,Documented Level 6 feedback loop and Level 7 feature priorities,f72254b
2026-09-15 16:28:00,UID-UC-065,Hassan Al-Fassi,hassan.f@infosec.ae,mn_shield-addr_preprod1gx6n1p55xq49lqyynf66gjgs8z1p0a62eht8gd4gp3tk2p5nksrv7f5gsqcuj5009xk067r0fk3fcm3grlkaey78pwrfveq0xh2v11u7j6,Security Engineer,5/5 ⭐⭐⭐⭐⭐,0x6c264fd4cb16655a6e210b855483dd1bf475422c5c536ba14f870d9832a11216,Audited Cryptographic Key Generation,Multi-signature issuer authorization,None,Yes (5/5),Audit key generation routines,Key generation uses cryptographically secure entropy sources.,Audited key generation routines in api and bboard-ui modules,a8b0ffd
2026-09-16 17:35:00,UID-UC-066,Ingrid Hansen,ingrid.h@nordicresearch.dk,mn_shield-addr_preprod1hx8o4q77yq51mqyynf22gjgs5a3p0a62eht8gd4gp3tk2p5nksrv7f5gsqcuj5009xk067r0fk3fcm3grlkaey78pwrfveq0xh2v77v1k2,Academic Researcher,5/5 ⭐⭐⭐⭐⭐,0x5503de5afe4f17a9dd22fe4cbc5d120ac813a9a90f2f4eace4359fffeef41d9d,Academic Privacy Preservation,European university credit ECTS map,None,Yes (5/5),Add academic prerequisite test case,Students can prove prerequisite course completion with full privacy.,Added academic prerequisite test case in contract test suite,fc9aca6
2026-09-17 18:42:00,UID-UC-067,Julian Vasquez,jvasquez@smartcontractaudits.co,mn_shield-addr_preprod1ix1p7r99zq62nqyynf88gjgs2b5p0a62eht8gd4gp3tk2p5nksrv7f5gsqcuj5009xk067r0fk3fcm3grlkaey78pwrfveq0xh2v33w5l8,Smart Contract Auditor,5/5 ⭐⭐⭐⭐⭐,0xdf93b70d16a9430ea7e862c28615f18e01fcba887860ebdde6441a0b6329fae9,Atomic Ledger Set Operations,Automated formal invariants checker,None,Yes (5/5),Verify Set container invariants,Set.member and Set.insert state transitions operate atomically.,Verified Compact Set container state invariants in unit tests,fc9aca6
2026-09-18 19:49:00,UID-UC-068,Keiko Takahashi,keiko.t@communitybuilders.jp,mn_shield-addr_preprod1jx4q9s22aq73oqyynf11gjgs7c7p0a62eht8gd4gp3tk2p5nksrv7f5gsqcuj5009xk067r0fk3fcm3grlkaey78pwrfveq0xh2v99x9m4,Tech Community Lead,5/5 ⭐⭐⭐⭐⭐,0xec8bbdebfa254725cbe7bb8ffbc528479e5116a27bda219ccbd847c937666c61,Highly Accessible Onboarding Flow,Japanese community translation,None,Yes (5/5),Embed video walkthrough link,Onboarding guide and video make Midnight accessible to non-technical users.,Added step-by-step video guide link and visual walkthrough,ac7f2d1
2026-09-19 20:56:00,UID-UC-069,Liam Henderson,liam.h@fullstackbuilders.nz,mn_shield-addr_preprod1kx7r2t44bq84pqyynf77gjgs9d9p0a62eht8gd4gp3tk2p5nksrv7f5gsqcuj5009xk067r0fk3fcm3grlkaey78pwrfveq0xh2v22y3n9,Full-Stack Builder,5/5 ⭐⭐⭐⭐⭐,0x277c4e010c3002c9a795d010cfdc27790c868bad1e4d82f5cd46f708a03f7007,Clear Verification Status Badges,Proof history replay timeline,None,Yes (5/5),Enhanced Verification Studio layout,Verification studio provides clear visual feedback on proof validity.,Enhanced Verification Studio layout with real-time status badges,6babf2d
2026-09-20 21:03:00,UID-UC-070,Mikhail Sokolov,mikhail.s@zksolutions.tech,mn_shield-addr_preprod1lx9s5u66cq95qqyynf44gjgs3e1p0a62eht8gd4gp3tk2p5nksrv7f5gsqcuj5009xk067r0fk3fcm3grlkaey78pwrfveq0xh2v88z7o3,ZK Solutions Architect,5/5 ⭐⭐⭐⭐⭐,0x4d4b52b09c92d925678aabf5a0a3535df7c7aa8e08398fc4329e11fc5bdb64e0,Prime Example of Confidential ZK App,Hardware acceleration benchmarking,None,Yes (5/5),Finalize architectural docs,UmbraCred is a prime example of real-world confidential computing on Midnight.,Finalized end-to-end architectural documentation in README,f72254b
2026-09-21 08:10:00,UID-UC-071,Natasha Romanoff,natasha.r@secguard.org,mn_shield-addr_preprod1kx8m2p44yq95sqyynf77gjgs1a3p0a62eht8gd4gp3tk2p5nksrv7f5gsqcuj5009xk067r0fk3fcm3grlkaey78pwrfveq0xh2v33a7b9,Web3 Security Auditor,5/5 ⭐⭐⭐⭐⭐,0x2c19bf7bf399e9ce51474b527d480355087efcdb658dac6edc0b2e6d579823c2,Mathematically Strict Inequality Circuit,Fuzz testing suite for proof bounds,None,Yes (5/5),Add boundary constraint unit tests,Boundary testing at score == 70 and score == 69 confirmed exact zero-knowledge bounds.,Added strict inequality constraint tests in contract test suite,fc9aca6
2026-09-22 09:17:00,UID-UC-072,Sterling Archer,sterling.a@midnightleads.io,mn_shield-addr_preprod1mx5n9q77zq16tqyynf33gjgs8b5p0a62eht8gd4gp3tk2p5nksrv7f5gsqcuj5009xk067r0fk3fcm3grlkaey78pwrfveq0xh2v77c9d2,Midnight Ecosystem Lead,5/5 ⭐⭐⭐⭐⭐,0x5d55d7e7c87bc4666dc248688641d2a4fb1d418673f919f26cc3e7d268f72e9b,Exemplary Midnight Dual-State DApp,Midnight ecosystem launchpad spotlight,None,Yes (5/5),Deploy production Vercel bundle,Production-ready DApp demonstrates Midnight dual-state capability at the highest standard.,Deployed production bundle on Vercel with automated CI validation,a53cdfb
